﻿"House Dem Aide: We Didnâ€™t Even See Comeyâ€™s Letter Until Jason Chaffetz Tweeted It House Dem Aide: We Didnâ€™t Even See Comeyâ€™s Letter Until Jason Chaffetz Tweeted It By Darrell Lucus on October 30, 2016 Subscribe Jason Chaffetz on the stump in American Fork, Utah ( image courtesy Michael Jolley, available under a Creative Commons-BY license) 
With apologies to Keith Olbermann, there is no doubt who the Worst Person in The World is this weekâ€“FBI Director James Comey. But according to a House Democratic aide, it looks like we also know who the second-worst person is as well. It turns out that when Comey sent his now-infamous letter announcing that the FBI was looking into emails that may be related to Hillary Clintonâ€™s email server, the ranking Democrats on the relevant committees didnâ€™t hear about it from Comey. They found out via a tweet from one of the Republican committee chairmen. 
As we now know, Comey notified the Republican chairmen and Democratic ranking members of the House Intelligence, Judiciary, and Oversight committees that his agency was reviewing emails it had recently discovered in order to see if they contained classified information. Not long after this letter went out, Oversight Committee Chairman Jason Chaffetz set the political world ablaze with this tweet. FBI Dir just informed me, ""The FBI has learned of the existence of emails that appear to be pertinent to the investigation."" Case reopened 
â€” Jason Chaffetz (@jasoninthehouse) October 28, 2016 
Of course, we now know that this was not the case . Comey was actually saying that it was reviewing the emails in light of â€œan unrelated caseâ€â€“which we now know to be Anthony Weinerâ€™s sexting with a teenager. But apparently such little things as facts didnâ€™t matter to Chaffetz. The Utah Republican had already vowed to initiate a raft of investigations if Hillary winsâ€“at least two yearsâ€™ worth, and possibly an entire termâ€™s worth of them. Apparently Chaffetz thought the FBI was already doing his work for himâ€“resulting in a tweet that briefly roiled the nation before cooler heads realized it was a dud. 
But according to a senior House Democratic aide, misreading that letter may have been the least of Chaffetzâ€™ sins. That aide told Shareblue that his boss and other Democrats didnâ€™t even know about Comeyâ€™s letter at the timeâ€“and only found out when they checked Twitter. â€œDemocratic Ranking Members on the relevant committees didnâ€™t receive Comeyâ€™s letter until after the Republican Chairmen. In fact, the Democratic Ranking Members didnâ€™ receive it until after the Chairman of the Oversight and Government Reform Committee, Jason Chaffetz, tweeted it out and made it public.â€ 
So letâ€™s see if weâ€™ve got this right. The FBI director tells Chaffetz and other GOP committee chairmen about a major development in a potentially politically explosive investigation, and neither Chaffetz nor his other colleagues had the courtesy to let their Democratic counterparts know about it. Instead, according to this aide, he made them find out about it on Twitter. 
There has already been talk on Daily Kos that Comey himself provided advance notice of this letter to Chaffetz and other Republicans, giving them time to turn on the spin machine. That may make for good theater, but there is nothing so far that even suggests this is the case. After all, there is nothing so far that suggests that Comey was anything other than grossly incompetent and tone-deaf. 
What it does suggest, however, is that Chaffetz is acting in a way that makes Dan Burton and Darrell Issa look like models of responsibility and bipartisanship. He didnâ€™t even have the decency to notify ranking member Elijah Cummings about something this explosive. If that doesnâ€™t trample on basic standards of fairness, I donâ€™t know what does. 
Granted, itâ€™s not likely that Chaffetz will have to answer for this. He sits in a ridiculously Republican district anchored in Provo and Orem; it has a Cook Partisan Voting Index of R+25, and gave Mitt Romney a punishing 78 percent of the vote in 2012. Moreover, the Republican House leadership has given its full support to Chaffetzâ€™ planned fishing expedition. But that doesnâ€™t mean we canâ€™t turn the hot lights on him. After all, he is a textbook example of what the House has become under Republican control. And he is also the Second Worst Person in the World. About Darrell Lucus 
Darrell is a 30-something graduate of the University of North Carolina who considers himself a journalist of the old school. An attempt to turn him into a member of the religious right in college only succeeded in turning him into the religious right's worst nightmare--a charismatic Christian who is an unapologetic liberal. His desire to stand up for those who have been scared into silence only increased when he survived an abusive three-year marriage. You may know him on Daily Kos as Christian Dem in NC . Follow him on Twitter @DarrellLucus or connect with him on Facebook . Click here to buy Darrell a Mello Yello. Connect","FLYNN: Hillary Clinton, Big Woman on Campus - Breitbart Ever get the feeling your life circles the roundabout rather than heads in a straight line toward the intended destination? [Hillary Clinton remains the big woman on campus in leafy, liberal Wellesley, Massachusetts. Everywhere else votes her most likely to don her inauguration dress for the remainder of her days the way Miss Havisham forever wore that wedding dress.  Speaking of Great Expectations, Hillary Rodham overflowed with them 48 years ago when she first addressed a Wellesley graduating class. The president of the college informed those gathered in 1969 that the students needed â€œno debate so far as I could ascertain as to who their spokesman was to beâ€ (kind of the like the Democratic primaries in 2016 minus the   terms unknown then even at a Seven Sisters school). â€œI am very glad that Miss Adams made it clear that what I am speaking for today is all of us â€”  the 400 of us,â€ Miss Rodham told her classmates. After appointing herself Edger Bergen to the Charlie McCarthys and Mortimer Snerds in attendance, the    bespectacled in granny glasses (awarding her matronly wisdom â€”  or at least John Lennon wisdom) took issue with the previous speaker. Despite becoming the first   to win election to a seat in the U. S. Senate since Reconstruction, Edward Brooke came in for criticism for calling for â€œempathyâ€ for the goals of protestors as he criticized tactics. Though Clinton in her senior thesis on Saul Alinsky lamented â€œBlack Power demagoguesâ€ and â€œelitist arrogance and repressive intoleranceâ€ within the New Left, similar words coming out of a Republican necessitated a brief rebuttal. â€œTrust,â€ Rodham ironically observed in 1969, â€œthis is one word that when I asked the class at our rehearsal what it was they wanted me to say for them, everyone came up to me and said â€˜Talk about trust, talk about the lack of trust both for us and the way we feel about others. Talk about the trust bust.â€™ What can you say about it? What can you say about a feeling that permeates a generation and that perhaps is not even understood by those who are distrusted?â€ The â€œtrust bustâ€ certainly busted Clintonâ€™s 2016 plans. She certainly did not even understand that people distrusted her. After Whitewater, Travelgate, the vast   conspiracy, Benghazi, and the missing emails, Clinton found herself the distrusted voice on Friday. There was a load of compromising on the road to the broadening of her political horizons. And distrust from the American people â€”  Trump edged her 48 percent to 38 percent on the question immediately prior to Novemberâ€™s election â€”  stood as a major reason for the closing of those horizons. Clinton described her vanquisher and his supporters as embracing a â€œlie,â€ a â€œcon,â€ â€œalternative facts,â€ and â€œa   assault on truth and reason. â€ She failed to explain why the American people chose his lies over her truth. â€œAs the history majors among you here today know all too well, when people in power invent their own facts and attack those who question them, it can mark the beginning of the end of a free society,â€ she offered. â€œThat is not hyperbole. â€ Like so many people to emerge from the 1960s, Hillary Clinton embarked upon a long, strange trip. From high school Goldwater Girl and Wellesley College Republican president to Democratic politician, Clinton drank in the times and the place that gave her a degree. More significantly, she went from idealist to cynic, as a comparison of her two Wellesley commencement addresses show. Way back when, she lamented that â€œfor too long our leaders have viewed politics as the art of the possible, and the challenge now is to practice politics as the art of making what appears to be impossible possible. â€ Now, as the big woman on campus but the odd woman out of the White House, she wonders how her current station is even possible. â€œWhy arenâ€™t I 50 points ahead?â€ she asked in September. In May she asks why she isnâ€™t president. The woman famously dubbed a â€œcongenital liarâ€ by Bill Safire concludes that lies did her in â€”  theirs, mind you, not hers. Getting stood up on Election Day, like finding yourself the jilted bride on your wedding day, inspires dangerous delusions."
